<?xml version="1.0" encoding="UTF-8"?>

<mtf>
  <conceptGrp>
    <transacGrp>
      <transac type="origination">trn1660</transac>
      <date>2010-12-07T23:08:56</date>
    </transacGrp>
    <languageGrp>
      <language type="English" lang="EN"/>
      <termGrp>
        <term>Business Continuity</term>
        <descripGrp>
          <descrip type=" definition">Keep your critical business operations up and running
Verizon Business has the experts and the services required to help keep your business functions operating day-to-day and during a crisis. Our technical consultants can help you design and implement a world-class contingency plan, supported by an extensive portfolio of cutting-edge continuity services</descrip>
        </descripGrp>
        <sourceGrp>
          <source>http://www.verizonbusiness.com/solutions/continuity/</source>
        </sourceGrp>
      </termGrp>
    </languageGrp>
    <languageGrp>
      <language type="Italian" lang="IT"/>
      <termGrp>
        <term>Business Continuity</term>
      </termGrp>
    </languageGrp>
  </conceptGrp>
  <conceptGrp>
    <transacGrp>
      <transac type="origination">trn1660</transac>
      <date>2010-12-07T23:08:56</date>
    </transacGrp>
    <languageGrp>
      <language type="English" lang="EN"/>
      <termGrp>
        <term>Collaboration</term>
        <descripGrp>
          <descrip type=" definition">Improved collaboration helps drive business performance
Verizon Business has a solid track record providing global collaboration services to Fortune 500 companies around the world. Our experts can help you integrate multiple applications, devices and infrastructure to improve communication between your employees, suppliers, and customers. This can result in increased productivity, accelerated decision making, improved customer satisfaction and reduced travel expenses.</descrip>
        </descripGrp>
        <sourceGrp>
          <source>http://www.verizonbusiness.com/solutions/collaboration/</source>
        </sourceGrp>
      </termGrp>
    </languageGrp>
    <languageGrp>
      <language type="Italian" lang="IT"/>
      <termGrp>
        <term>Collaborazione</term>
      </termGrp>
    </languageGrp>
  </conceptGrp>
  <conceptGrp>
    <transacGrp>
      <transac type="origination">trn1660</transac>
      <date>2010-12-07T23:08:56</date>
    </transacGrp>
    <languageGrp>
      <language type="English" lang="EN"/>
      <termGrp>
        <term>Conferencing</term>
        <descripGrp>
          <descrip type=" definition">Dynamic, global collaboration for increased productivity
Verizon Business' next-generation conferencing services facilitate powerful collaboration across time zones and borders.</descrip>
        </descripGrp>
        <sourceGrp>
          <source>http://www.verizonbusiness.com/products/conferencing/</source>
        </sourceGrp>
      </termGrp>
    </languageGrp>
    <languageGrp>
      <language type="Italian" lang="IT"/>
      <termGrp>
        <term>Conferencing</term>
      </termGrp>
    </languageGrp>
  </conceptGrp>
  <conceptGrp>
    <transacGrp>
      <transac type="origination">trn1660</transac>
      <date>2010-12-07T23:08:56</date>
    </transacGrp>
    <languageGrp>
      <language type="English" lang="EN"/>
      <termGrp>
        <term>Global Broadband Satellite Access</term>
        <descripGrp>
          <descrip type=" definition">Our state-of-the-art Global Broadband Satellite Access solution help 
enhance productivity on the road. Ground-breaking Explorer® terminals combine portability, quick set-up, and a consistent, user-friendly interface to deliver the ideal solution for enterprises on the move</descrip>
        </descripGrp>
        <sourceGrp>
          <source>http://www.verizonbusiness.com/products/internet/satellite/#details-gbsa</source>
        </sourceGrp>
      </termGrp>
    </languageGrp>
    <languageGrp>
      <language type="Italian" lang="IT"/>
      <termGrp>
        <term>Global Broadband Satellite Access</term>
      </termGrp>
    </languageGrp>
  </conceptGrp>
  <conceptGrp>
    <transacGrp>
      <transac type="origination">trn1660</transac>
      <date>2010-12-07T23:08:56</date>
    </transacGrp>
    <languageGrp>
      <language type="English" lang="EN"/>
      <termGrp>
        <term>Identity and Access Management</term>
        <descripGrp>
          <descrip type=" definition">Give people the right access, to the right resources – where and when they need it
Employees are more mobile. Partners are more integrated. Knowing who they are, how they are authenticated and what information they are authorized to access can become costly and resource intensive. 

Our identity management consulting services can help you efficiently manage user identities across multiple systems and applications.</descrip>
        </descripGrp>
        <descripGrp>
          <descrip type=" definition">CaaS</descrip>
        </descripGrp>
        <sourceGrp>
          <source>http://www.verizonbusiness.com/products/security/professional/identity/</source>
        </sourceGrp>
      </termGrp>
    </languageGrp>
    <languageGrp>
      <language type="Italian" lang="IT"/>
      <termGrp>
        <term>Gestione accessi e identità</term>
      </termGrp>
    </languageGrp>
    <languageGrp>
      <language type="Italian" lang="IT"/>
      <termGrp>
        <term>Gestione d’identità e accesso</term>
      </termGrp>
    </languageGrp>
  </conceptGrp>
  <conceptGrp>
    <transacGrp>
      <transac type="origination">trn1660</transac>
      <date>2010-12-07T23:08:56</date>
    </transacGrp>
    <languageGrp>
      <language type="English" lang="EN"/>
      <termGrp>
        <term>Managed Mobility</term>
        <descripGrp>
          <descrip type=" definition">Global Capabilities/Managed Mobility</descrip>
        </descripGrp>
      </termGrp>
    </languageGrp>
    <languageGrp>
      <language type="Italian" lang="IT"/>
      <termGrp>
        <term>Managed Mobility</term>
      </termGrp>
    </languageGrp>
  </conceptGrp>
  <conceptGrp>
    <transacGrp>
      <transac type="origination">trn1660</transac>
      <date>2010-12-07T23:08:56</date>
    </transacGrp>
    <languageGrp>
      <language type="English" lang="EN"/>
      <termGrp>
        <term>Mobility</term>
        <descripGrp>
          <descrip type=" definition">Upward mobility - solutions for a workforce on the move
You have staff at temporary offices, employees shuttling between regional offices and your corporate headquarters, and people telecommuting from home. Verizon Business can help you enhance remote workforce productivity and efficiency and empower collaboration with solutions that expand the reach of your home office.</descrip>
        </descripGrp>
        <sourceGrp>
          <source>http://www.verizonbusiness.com/solutions/mobility/</source>
        </sourceGrp>
      </termGrp>
    </languageGrp>
    <languageGrp>
      <language type="Italian" lang="IT"/>
      <termGrp>
        <term>Mobilità</term>
      </termGrp>
    </languageGrp>
  </conceptGrp>
  <conceptGrp>
    <transacGrp>
      <transac type="origination">trn1660</transac>
      <date>2010-12-07T23:08:56</date>
    </transacGrp>
    <languageGrp>
      <language type="English" lang="EN"/>
      <termGrp>
        <term>Professional Services</term>
        <descripGrp>
          <descrip type=" definition">Effective security depends on a full understanding of your risk
You can never eliminate risk. Our goal is to make sure you have the policies, procedures, and systems in place to effectively and efficiently mitigate risks within the context of your specific risk tolerance. 

We take a business-driven approach to security. We assess your organization's individual risk profile before we make recommendations about the optimal security plan for your organization. Often this approach reveals that many organizations are spending too much on resources protecting some assets while putting too little emphasis on others. 

Verizon Business consultants can help you manage growth
Whether you’re creating a brand new network, building out your existing network, or migrating to new technologies, our consultants can help you evaluate your current technology needs and plan for the future. We will then recommend the optimum mix of Verizon Business and third-party solutions. 

Proven expertise with end-to-end services
Our consultants have provided integrated voice and data solutions across the telecommunications, financial services, transportation, government, hospitality, and consumer product sectors.</descrip>
        </descripGrp>
        <descripGrp>
          <descrip type=" definition">Global Capabilities/Managed Mobility</descrip>
        </descripGrp>
        <sourceGrp>
          <source>http://www.verizonbusiness.com/products/security/professional/

http://www.verizonbusiness.com/products/managed/professional/

http://www.verizonbusiness.com/products/contactcenter/profsvcs/</source>
        </sourceGrp>
      </termGrp>
    </languageGrp>
    <languageGrp>
      <language type="Italian" lang="IT"/>
      <termGrp>
        <term>Professional Services</term>
      </termGrp>
    </languageGrp>
    <languageGrp>
      <language type="Italian" lang="IT"/>
      <termGrp>
        <term>Servizi professionali</term>
      </termGrp>
    </languageGrp>
  </conceptGrp>
  <conceptGrp>
    <transacGrp>
      <transac type="origination">trn1660</transac>
      <date>2010-12-07T23:08:56</date>
    </transacGrp>
    <languageGrp>
      <language type="English" lang="EN"/>
      <termGrp>
        <term>Secure</term>
        <descripGrp>
          <descrip type=" definition">Protect mission-critical data and applications
You can never eliminate risk. Our goal is to make sure you have the policies, procedures, and systems in place to effectively and efficiently mitigate risks within the context of your specific risk tolerance.</descrip>
        </descripGrp>
        <sourceGrp>
          <source>http://www.verizonbusiness.com/solutions/application/secure/</source>
        </sourceGrp>
      </termGrp>
    </languageGrp>
    <languageGrp>
      <language type="Italian" lang="IT"/>
      <termGrp>
        <term>Protezione</term>
      </termGrp>
    </languageGrp>
  </conceptGrp>
  <conceptGrp>
    <transacGrp>
      <transac type="origination">trn1660</transac>
      <date>2010-12-07T23:08:56</date>
    </transacGrp>
    <languageGrp>
      <language type="English" lang="EN"/>
      <termGrp>
        <term>Security</term>
        <descripGrp>
          <descrip type=" definition">Global Security Solutions powered by Cybertrust
In July 2007, Verizon Business acquired Cybertrust, a leading provider of global information security services. The combination makes Verizon Business one of only a few providers that can help you secure your data, identities – and your customers’ confidence – from desktop to device, along your network and around the world.</descrip>
        </descripGrp>
        <sourceGrp>
          <source>http://www.verizonbusiness.com/products/security/</source>
        </sourceGrp>
      </termGrp>
    </languageGrp>
    <languageGrp>
      <language type="Italian" lang="IT"/>
      <termGrp>
        <term>Sicurezza</term>
      </termGrp>
    </languageGrp>
  </conceptGrp>
  <conceptGrp>
    <transacGrp>
      <transac type="origination">trn1660</transac>
      <date>2010-12-07T23:08:56</date>
    </transacGrp>
    <languageGrp>
      <language type="English" lang="EN"/>
      <termGrp>
        <term>Video Conferencing</term>
        <descripGrp>
          <descrip type=" definition">Turn on global collaboration and watch the boundaries disappear
Geographic and organizational impediments to productivity and communication melt away with Video Conferencing from Verizon Business. Our flexible, easy-to-use, global Video Conferencing means your employees can run anything from a small, impromptu, two-person video conference to a fully Verizon Business-managed, international corporate event with thousands of participants.</descrip>
        </descripGrp>
        <sourceGrp>
          <source>http://www.verizonbusiness.com/products/conferencing/video/</source>
        </sourceGrp>
      </termGrp>
    </languageGrp>
    <languageGrp>
      <language type="Italian" lang="IT"/>
      <termGrp>
        <term>Video Conferencing</term>
      </termGrp>
    </languageGrp>
  </conceptGrp>
</mtf>
