-- 
--  This inserts all the locales used by the system.
-- 

--  CODE SETS
INSERT INTO CODE_SET VALUES('ASCII');
INSERT INTO CODE_SET VALUES('Big5');
INSERT INTO CODE_SET VALUES('EUC-JP');
INSERT INTO CODE_SET VALUES('EUC-KR'); 
INSERT INTO CODE_SET VALUES('EUC-TW');
INSERT INTO CODE_SET VALUES('GB2312');
INSERT INTO CODE_SET VALUES('ISO-2022-CN');
INSERT INTO CODE_SET VALUES('ISO-2022-JP');
INSERT INTO CODE_SET VALUES('ISO-2022-KR');
INSERT INTO CODE_SET VALUES('ISO-8859-1');
INSERT INTO CODE_SET VALUES('ISO-8859-2');
INSERT INTO CODE_SET VALUES('ISO-8859-3');
INSERT INTO CODE_SET VALUES('ISO-8859-4');
INSERT INTO CODE_SET VALUES('ISO-8859-5');
INSERT INTO CODE_SET VALUES('ISO-8859-6');
INSERT INTO CODE_SET VALUES('ISO-8859-7');
INSERT INTO CODE_SET VALUES('ISO-8859-8');
INSERT INTO CODE_SET VALUES('ISO-8859-9');
INSERT INTO CODE_SET VALUES('KOI8-R');
INSERT INTO CODE_SET VALUES('Shift_JIS');
INSERT INTO CODE_SET VALUES('TIS-620');
INSERT INTO CODE_SET VALUES('Windows-874');
INSERT INTO CODE_SET VALUES('Windows-932');
INSERT INTO CODE_SET VALUES('Windows-936');
INSERT INTO CODE_SET VALUES('Windows-949');
INSERT INTO CODE_SET VALUES('Windows-950');
INSERT INTO CODE_SET VALUES('Windows-1250');
INSERT INTO CODE_SET VALUES('Windows-1251');
INSERT INTO CODE_SET VALUES('Windows-1252');
INSERT INTO CODE_SET VALUES('Windows-1253');
INSERT INTO CODE_SET VALUES('Windows-1254');
INSERT INTO CODE_SET VALUES('Windows-1255');
INSERT INTO CODE_SET VALUES('Windows-1256');
INSERT INTO CODE_SET VALUES('Windows-1257');
INSERT INTO CODE_SET VALUES('Windows-1258');
INSERT INTO CODE_SET VALUES('EUC-CN');
INSERT INTO CODE_SET VALUES('ISO-8859-15');
INSERT INTO CODE_SET VALUES('Johab');
INSERT INTO CODE_SET VALUES('UTF-8');
INSERT INTO CODE_SET VALUES('UTF-16BE');
INSERT INTO CODE_SET VALUES('UTF-16LE');
INSERT INTO CODE_SET VALUES('MacArabic');
INSERT INTO CODE_SET VALUES('MacCentralEurope');
INSERT INTO CODE_SET VALUES('MacCroatian');
INSERT INTO CODE_SET VALUES('MacCyrillic');
INSERT INTO CODE_SET VALUES('MacGreek');
INSERT INTO CODE_SET VALUES('MacHebrew');
INSERT INTO CODE_SET VALUES('MacIceland');
INSERT INTO CODE_SET VALUES('MacRoman');
INSERT INTO CODE_SET VALUES('MacThai');
INSERT INTO CODE_SET VALUES('MacTurkish');
INSERT INTO CODE_SET VALUES('MacUkraine');

--  COUNTRY
INSERT INTO COUNTRY VALUES('AE');
INSERT INTO COUNTRY VALUES('AL');
INSERT INTO COUNTRY VALUES('AR');
INSERT INTO COUNTRY VALUES('AT');
INSERT INTO COUNTRY VALUES('AU');
INSERT INTO COUNTRY VALUES('AZ');
INSERT INTO COUNTRY VALUES('BE');
INSERT INTO COUNTRY VALUES('BG');
INSERT INTO COUNTRY VALUES('BH');
INSERT INTO COUNTRY VALUES('BN');
INSERT INTO COUNTRY VALUES('BO');
INSERT INTO COUNTRY VALUES('BR');
INSERT INTO COUNTRY VALUES('BY');
INSERT INTO COUNTRY VALUES('CA');
INSERT INTO COUNTRY VALUES('CH');
INSERT INTO COUNTRY VALUES('CL');
INSERT INTO COUNTRY VALUES('CN');
INSERT INTO COUNTRY VALUES('CO');
INSERT INTO COUNTRY VALUES('CR');
INSERT INTO COUNTRY VALUES('CZ');
INSERT INTO COUNTRY VALUES('DE');
INSERT INTO COUNTRY VALUES('DK');
INSERT INTO COUNTRY VALUES('DO');
INSERT INTO COUNTRY VALUES('DZ');
INSERT INTO COUNTRY VALUES('EC');
INSERT INTO COUNTRY VALUES('EE');
INSERT INTO COUNTRY VALUES('EG');
INSERT INTO COUNTRY VALUES('EI');
INSERT INTO COUNTRY VALUES('EM');
INSERT INTO COUNTRY VALUES('ES');
INSERT INTO COUNTRY VALUES('FI');
INSERT INTO COUNTRY VALUES('FR');
INSERT INTO COUNTRY VALUES('GB');
INSERT INTO COUNTRY VALUES('GR');
INSERT INTO COUNTRY VALUES('GT');
INSERT INTO COUNTRY VALUES('HK');
INSERT INTO COUNTRY VALUES('HN');
INSERT INTO COUNTRY VALUES('HR');
INSERT INTO COUNTRY VALUES('HU');
INSERT INTO COUNTRY VALUES('ID');
INSERT INTO COUNTRY VALUES('IE');
INSERT INTO COUNTRY VALUES('IL');
INSERT INTO COUNTRY VALUES('IN');
INSERT INTO COUNTRY VALUES('IQ');
INSERT INTO COUNTRY VALUES('IS');
INSERT INTO COUNTRY VALUES('IT');
INSERT INTO COUNTRY VALUES('JO');
INSERT INTO COUNTRY VALUES('JP');
INSERT INTO COUNTRY VALUES('KR');
INSERT INTO COUNTRY VALUES('KW');
INSERT INTO COUNTRY VALUES('LB');
INSERT INTO COUNTRY VALUES('LV');
INSERT INTO COUNTRY VALUES('LT');
INSERT INTO COUNTRY VALUES('LY');
INSERT INTO COUNTRY VALUES('MA');
INSERT INTO COUNTRY VALUES('MK');
INSERT INTO COUNTRY VALUES('MX');
INSERT INTO COUNTRY VALUES('NI');
INSERT INTO COUNTRY VALUES('NL');
INSERT INTO COUNTRY VALUES('NO');
INSERT INTO COUNTRY VALUES('NZ');
INSERT INTO COUNTRY VALUES('OM');
INSERT INTO COUNTRY VALUES('PA');
INSERT INTO COUNTRY VALUES('PE');
INSERT INTO COUNTRY VALUES('PL');
INSERT INTO COUNTRY VALUES('PR');
INSERT INTO COUNTRY VALUES('PT');
INSERT INTO COUNTRY VALUES('PY');
INSERT INTO COUNTRY VALUES('QA');
INSERT INTO COUNTRY VALUES('RO');
INSERT INTO COUNTRY VALUES('RU');
INSERT INTO COUNTRY VALUES('SA');
INSERT INTO COUNTRY VALUES('SD');
INSERT INTO COUNTRY VALUES('SE');
INSERT INTO COUNTRY VALUES('SI');
INSERT INTO COUNTRY VALUES('SK');
INSERT INTO COUNTRY VALUES('SV');
INSERT INTO COUNTRY VALUES('SY');
INSERT INTO COUNTRY VALUES('TH');
INSERT INTO COUNTRY VALUES('TN');
INSERT INTO COUNTRY VALUES('TR');
INSERT INTO COUNTRY VALUES('TW');
INSERT INTO COUNTRY VALUES('UA');
INSERT INTO COUNTRY VALUES('US');
INSERT INTO COUNTRY VALUES('UY');
INSERT INTO COUNTRY VALUES('VE');
INSERT INTO COUNTRY VALUES('VN');
INSERT INTO COUNTRY VALUES('YE');
INSERT INTO COUNTRY VALUES('YU');
INSERT INTO COUNTRY VALUES('ZA');
INSERT INTO COUNTRY VALUES('MT');

--  LANGUAGE
-- 
INSERT INTO LANGUAGE VALUES('ar');
INSERT INTO LANGUAGE VALUES('az');
INSERT INTO LANGUAGE VALUES('be');
INSERT INTO LANGUAGE VALUES('bg');
INSERT INTO LANGUAGE VALUES('ca');
INSERT INTO LANGUAGE VALUES('cs');
INSERT INTO LANGUAGE VALUES('da');
INSERT INTO LANGUAGE VALUES('de');
INSERT INTO LANGUAGE VALUES('el');
INSERT INTO LANGUAGE VALUES('en');
INSERT INTO LANGUAGE VALUES('es');
INSERT INTO LANGUAGE VALUES('et');
INSERT INTO LANGUAGE VALUES('fi');
INSERT INTO LANGUAGE VALUES('fr');
INSERT INTO LANGUAGE VALUES('he');
INSERT INTO LANGUAGE VALUES('hi');
INSERT INTO LANGUAGE VALUES('hr');
INSERT INTO LANGUAGE VALUES('hu');
INSERT INTO LANGUAGE VALUES('id');
INSERT INTO LANGUAGE VALUES('is');
INSERT INTO LANGUAGE VALUES('it');
INSERT INTO LANGUAGE VALUES('ja');
INSERT INTO LANGUAGE VALUES('ko');
INSERT INTO LANGUAGE VALUES('lt');
INSERT INTO LANGUAGE VALUES('lv');
INSERT INTO LANGUAGE VALUES('mk');
INSERT INTO LANGUAGE VALUES('ms');
INSERT INTO LANGUAGE VALUES('nl');
INSERT INTO LANGUAGE VALUES('no');
INSERT INTO LANGUAGE VALUES('pl');
INSERT INTO LANGUAGE VALUES('pt');
INSERT INTO LANGUAGE VALUES('ro');
INSERT INTO LANGUAGE VALUES('ru');
INSERT INTO LANGUAGE VALUES('sh');
INSERT INTO LANGUAGE VALUES('sk');
INSERT INTO LANGUAGE VALUES('sl');
INSERT INTO LANGUAGE VALUES('sq');
INSERT INTO LANGUAGE VALUES('sr');
INSERT INTO LANGUAGE VALUES('sv');
INSERT INTO LANGUAGE VALUES('th');
INSERT INTO LANGUAGE VALUES('tr');
INSERT INTO LANGUAGE VALUES('uk');
INSERT INTO LANGUAGE VALUES('vi'); 
INSERT INTO LANGUAGE VALUES('zh'); 
INSERT INTO LANGUAGE VALUES('mt'); 


--  LOCALES
INSERT INTO LOCALE VALUES (1,'ar','AE', 'N');
INSERT INTO LOCALE VALUES (2,'ar','BH', 'N');
INSERT INTO LOCALE VALUES (3,'ar','DZ', 'N');
INSERT INTO LOCALE VALUES (4,'ar','EG', 'N');
INSERT INTO LOCALE VALUES (5,'ar','IQ', 'N');
INSERT INTO LOCALE VALUES (6,'ar','JO', 'N');
INSERT INTO LOCALE VALUES (7,'ar','KW', 'N');
INSERT INTO LOCALE VALUES (8,'ar','LB', 'N');
INSERT INTO LOCALE VALUES (9,'ar','LY', 'N');
INSERT INTO LOCALE VALUES (10,'ar','MA', 'N');
INSERT INTO LOCALE VALUES (11,'ar','OM','N');
INSERT INTO LOCALE VALUES (12,'ar','QA', 'N');
INSERT INTO LOCALE VALUES (13,'ar','SA', 'N');
INSERT INTO LOCALE VALUES (14,'ar','SD', 'N');
INSERT INTO LOCALE VALUES (15,'ar','SY', 'N');
INSERT INTO LOCALE VALUES (16,'ar','TN', 'N');
INSERT INTO LOCALE VALUES (17,'ar','YE', 'N');
INSERT INTO LOCALE VALUES (18,'be','BY','N');
INSERT INTO LOCALE VALUES (19,'bg','BG', 'N');
INSERT INTO LOCALE VALUES (20,'ca','ES', 'N');
INSERT INTO LOCALE VALUES (21,'cs','CZ', 'N');
INSERT INTO LOCALE VALUES (22,'da','DK', 'N');
INSERT INTO LOCALE VALUES (23,'de','AT', 'N');
INSERT INTO LOCALE VALUES (24,'de','CH', 'N');
INSERT INTO LOCALE VALUES (25,'de','DE', 'N');
INSERT INTO LOCALE VALUES (26,'el','GR', 'N');
INSERT INTO LOCALE VALUES (27,'en','AU', 'N');
INSERT INTO LOCALE VALUES (28,'en','CA', 'N');
INSERT INTO LOCALE VALUES (29,'en','GB', 'N');
INSERT INTO LOCALE VALUES (30,'en','IE', 'N');
INSERT INTO LOCALE VALUES (31,'en','NZ', 'N');
INSERT INTO LOCALE VALUES (32,'en','US', 'Y');
INSERT INTO LOCALE VALUES (33,'en','ZA', 'N');
INSERT INTO LOCALE VALUES (34,'es','AR', 'N');
INSERT INTO LOCALE VALUES (35,'es','BO', 'N');
INSERT INTO LOCALE VALUES (36,'es','CL', 'N');
INSERT INTO LOCALE VALUES (37,'es','CO', 'N');
INSERT INTO LOCALE VALUES (38,'es','CR', 'N');
INSERT INTO LOCALE VALUES (39,'es','DO', 'N');
INSERT INTO LOCALE VALUES (40,'es','EC', 'N');
INSERT INTO LOCALE VALUES (41,'es','ES', 'N');
INSERT INTO LOCALE VALUES (42,'es','GT', 'N');
INSERT INTO LOCALE VALUES (43,'es','HN', 'N');
INSERT INTO LOCALE VALUES (44,'es','MX', 'N');
INSERT INTO LOCALE VALUES (45,'es','NI', 'N');
INSERT INTO LOCALE VALUES (46,'es','PA', 'N');
INSERT INTO LOCALE VALUES (47,'es','PE', 'N');
INSERT INTO LOCALE VALUES (48,'es','PR', 'N');
INSERT INTO LOCALE VALUES (49,'es','PY', 'N');
INSERT INTO LOCALE VALUES (50,'es','SV', 'N');
INSERT INTO LOCALE VALUES (51,'es','UY', 'N');
INSERT INTO LOCALE VALUES (52,'es','VE', 'N');
INSERT INTO LOCALE VALUES (53,'et','EE', 'N');
INSERT INTO LOCALE VALUES (54,'fi','FI', 'N');
INSERT INTO LOCALE VALUES (55,'fr','CA', 'N');
INSERT INTO LOCALE VALUES (56,'fr','CH', 'N');
INSERT INTO LOCALE VALUES (57,'fr','FR', 'N');
INSERT INTO LOCALE VALUES (58,'he','IL', 'N');
INSERT INTO LOCALE VALUES (59,'hr','HR', 'N');
INSERT INTO LOCALE VALUES (60,'hu','HU', 'N');
INSERT INTO LOCALE VALUES (61,'id','ID', 'N');
INSERT INTO LOCALE VALUES (62,'is','IS', 'N');
INSERT INTO LOCALE VALUES (63,'it','CH', 'N');
INSERT INTO LOCALE VALUES (64,'it','IT', 'N');
INSERT INTO LOCALE VALUES (65,'ja','JP', 'N');
INSERT INTO LOCALE VALUES (66,'ko','KR', 'N');
INSERT INTO LOCALE VALUES (67,'lt','LT', 'N');
INSERT INTO LOCALE VALUES (68,'lv','LV', 'N');
INSERT INTO LOCALE VALUES (69,'mk','MK', 'N');
INSERT INTO LOCALE VALUES (70,'nl','BE', 'N');
INSERT INTO LOCALE VALUES (71,'nl','NL', 'N');
INSERT INTO LOCALE VALUES (72,'no','NO', 'N');
INSERT INTO LOCALE VALUES (73,'pl','PL', 'N');
INSERT INTO LOCALE VALUES (74,'pt','BR', 'N');
INSERT INTO LOCALE VALUES (75,'pt','PT', 'N');
INSERT INTO LOCALE VALUES (76,'ro','RO', 'N');
INSERT INTO LOCALE VALUES (77,'ru','RU', 'N');
INSERT INTO LOCALE VALUES (78,'sh','YU', 'N');
INSERT INTO LOCALE VALUES (79,'sk','SK', 'N');
INSERT INTO LOCALE VALUES (80,'sl','SI', 'N');
INSERT INTO LOCALE VALUES (81,'sq','AL', 'N');
INSERT INTO LOCALE VALUES (82,'sr','YU', 'N');
INSERT INTO LOCALE VALUES (83,'sv','SE', 'N');
INSERT INTO LOCALE VALUES (84,'th','TH', 'N');
INSERT INTO LOCALE VALUES (85,'tr','TR', 'N');
INSERT INTO LOCALE VALUES (86,'uk','UA', 'N');
INSERT INTO LOCALE VALUES (87,'zh','CN', 'N');
INSERT INTO LOCALE VALUES (88,'zh','TW', 'N');
INSERT INTO LOCALE VALUES (89,'zh','HK', 'N');
INSERT INTO LOCALE VALUES (90,'es','EI', 'N');
INSERT INTO LOCALE VALUES (91,'az','AZ', 'N');
INSERT INTO LOCALE VALUES (92,'ms','BN', 'N');
INSERT INTO LOCALE VALUES (93,'hi','IN', 'N');
INSERT INTO LOCALE VALUES (96,'es','EM', 'N');
INSERT INTO LOCALE VALUES (97,'vi','VN', 'N');
INSERT INTO LOCALE VALUES (98,'mt','MT', 'N');

--  LOCALE_CODESETs

INSERT INTO LOCALE_CODESET VALUES(1, 'ISO-8859-6');
INSERT INTO LOCALE_CODESET VALUES(1, 'Windows-1256');
INSERT INTO LOCALE_CODESET VALUES(1, 'MacArabic');
INSERT INTO LOCALE_CODESET VALUES(1, 'UTF-16BE');
INSERT INTO LOCALE_CODESET VALUES(1, 'UTF-16LE');
INSERT INTO LOCALE_CODESET VALUES(1, 'UTF-8');
INSERT INTO LOCALE_CODESET VALUES(2, 'ISO-8859-6');
INSERT INTO LOCALE_CODESET VALUES(2, 'Windows-1256');
INSERT INTO LOCALE_CODESET VALUES(2, 'MacArabic');
INSERT INTO LOCALE_CODESET VALUES(2, 'UTF-16BE');
INSERT INTO LOCALE_CODESET VALUES(2, 'UTF-16LE');
INSERT INTO LOCALE_CODESET VALUES(2, 'UTF-8');
INSERT INTO LOCALE_CODESET VALUES(3, 'ISO-8859-6');
INSERT INTO LOCALE_CODESET VALUES(3, 'Windows-1256');
INSERT INTO LOCALE_CODESET VALUES(3, 'MacArabic');
INSERT INTO LOCALE_CODESET VALUES(3, 'UTF-16BE');
INSERT INTO LOCALE_CODESET VALUES(3, 'UTF-16LE');
INSERT INTO LOCALE_CODESET VALUES(3, 'UTF-8');
INSERT INTO LOCALE_CODESET VALUES(4, 'ISO-8859-6');
INSERT INTO LOCALE_CODESET VALUES(4, 'Windows-1256');
INSERT INTO LOCALE_CODESET VALUES(4, 'MacArabic');
INSERT INTO LOCALE_CODESET VALUES(4, 'UTF-16BE');
INSERT INTO LOCALE_CODESET VALUES(4, 'UTF-16LE');
INSERT INTO LOCALE_CODESET VALUES(4, 'UTF-8');
INSERT INTO LOCALE_CODESET VALUES(5, 'ISO-8859-6');
INSERT INTO LOCALE_CODESET VALUES(5, 'Windows-1256');
INSERT INTO LOCALE_CODESET VALUES(5, 'MacArabic');
INSERT INTO LOCALE_CODESET VALUES(5, 'UTF-16BE');
INSERT INTO LOCALE_CODESET VALUES(5, 'UTF-16LE');
INSERT INTO LOCALE_CODESET VALUES(5, 'UTF-8');
INSERT INTO LOCALE_CODESET VALUES(6, 'ISO-8859-6');
INSERT INTO LOCALE_CODESET VALUES(6, 'Windows-1256');
INSERT INTO LOCALE_CODESET VALUES(6, 'MacArabic');
INSERT INTO LOCALE_CODESET VALUES(6, 'UTF-16BE');
INSERT INTO LOCALE_CODESET VALUES(6, 'UTF-16LE');
INSERT INTO LOCALE_CODESET VALUES(6, 'UTF-8');
INSERT INTO LOCALE_CODESET VALUES(7, 'ISO-8859-6');
INSERT INTO LOCALE_CODESET VALUES(7, 'Windows-1256');
INSERT INTO LOCALE_CODESET VALUES(7, 'MacArabic');
INSERT INTO LOCALE_CODESET VALUES(7, 'UTF-16BE');
INSERT INTO LOCALE_CODESET VALUES(7, 'UTF-16LE');
INSERT INTO LOCALE_CODESET VALUES(7, 'UTF-8');
INSERT INTO LOCALE_CODESET VALUES(8, 'ISO-8859-6');
INSERT INTO LOCALE_CODESET VALUES(8, 'Windows-1256');
INSERT INTO LOCALE_CODESET VALUES(8, 'MacArabic');
INSERT INTO LOCALE_CODESET VALUES(8, 'UTF-16BE');
INSERT INTO LOCALE_CODESET VALUES(8, 'UTF-16LE');
INSERT INTO LOCALE_CODESET VALUES(8, 'UTF-8');
INSERT INTO LOCALE_CODESET VALUES(9, 'ISO-8859-6');
INSERT INTO LOCALE_CODESET VALUES(9, 'Windows-1256');
INSERT INTO LOCALE_CODESET VALUES(9, 'MacArabic');
INSERT INTO LOCALE_CODESET VALUES(9, 'UTF-16BE');
INSERT INTO LOCALE_CODESET VALUES(9, 'UTF-16LE');
INSERT INTO LOCALE_CODESET VALUES(9, 'UTF-8');
INSERT INTO LOCALE_CODESET VALUES(10, 'ISO-8859-6');
INSERT INTO LOCALE_CODESET VALUES(10, 'Windows-1256');
INSERT INTO LOCALE_CODESET VALUES(10, 'MacArabic');
INSERT INTO LOCALE_CODESET VALUES(10, 'UTF-16BE');
INSERT INTO LOCALE_CODESET VALUES(10, 'UTF-16LE');
INSERT INTO LOCALE_CODESET VALUES(10, 'UTF-8');
INSERT INTO LOCALE_CODESET VALUES(11, 'ISO-8859-6');
INSERT INTO LOCALE_CODESET VALUES(11, 'Windows-1256');
INSERT INTO LOCALE_CODESET VALUES(11, 'MacArabic');
INSERT INTO LOCALE_CODESET VALUES(11, 'UTF-16BE');
INSERT INTO LOCALE_CODESET VALUES(11, 'UTF-16LE');
INSERT INTO LOCALE_CODESET VALUES(11, 'UTF-8');
INSERT INTO LOCALE_CODESET VALUES(12, 'ISO-8859-6');
INSERT INTO LOCALE_CODESET VALUES(12, 'Windows-1256');
INSERT INTO LOCALE_CODESET VALUES(12, 'MacArabic');
INSERT INTO LOCALE_CODESET VALUES(12, 'UTF-16BE');
INSERT INTO LOCALE_CODESET VALUES(12, 'UTF-16LE');
INSERT INTO LOCALE_CODESET VALUES(12, 'UTF-8');
INSERT INTO LOCALE_CODESET VALUES(13, 'ISO-8859-6');
INSERT INTO LOCALE_CODESET VALUES(13, 'Windows-1256');
INSERT INTO LOCALE_CODESET VALUES(13, 'MacArabic');
INSERT INTO LOCALE_CODESET VALUES(13, 'UTF-16BE');
INSERT INTO LOCALE_CODESET VALUES(13, 'UTF-16LE');
INSERT INTO LOCALE_CODESET VALUES(13, 'UTF-8');
INSERT INTO LOCALE_CODESET VALUES(14, 'ISO-8859-6');
INSERT INTO LOCALE_CODESET VALUES(14, 'Windows-1256');
INSERT INTO LOCALE_CODESET VALUES(14, 'MacArabic');
INSERT INTO LOCALE_CODESET VALUES(14, 'UTF-16BE');
INSERT INTO LOCALE_CODESET VALUES(14, 'UTF-16LE');
INSERT INTO LOCALE_CODESET VALUES(14, 'UTF-8');
INSERT INTO LOCALE_CODESET VALUES(15, 'ISO-8859-6');
INSERT INTO LOCALE_CODESET VALUES(15, 'Windows-1256');
INSERT INTO LOCALE_CODESET VALUES(15, 'MacArabic');
INSERT INTO LOCALE_CODESET VALUES(15, 'UTF-16BE');
INSERT INTO LOCALE_CODESET VALUES(15, 'UTF-16LE');
INSERT INTO LOCALE_CODESET VALUES(15, 'UTF-8');
INSERT INTO LOCALE_CODESET VALUES(16, 'ISO-8859-6');
INSERT INTO LOCALE_CODESET VALUES(16, 'Windows-1256');
INSERT INTO LOCALE_CODESET VALUES(16, 'MacArabic');
INSERT INTO LOCALE_CODESET VALUES(16, 'UTF-16BE');
INSERT INTO LOCALE_CODESET VALUES(16, 'UTF-16LE');
INSERT INTO LOCALE_CODESET VALUES(16, 'UTF-8');
INSERT INTO LOCALE_CODESET VALUES(17, 'ISO-8859-6');
INSERT INTO LOCALE_CODESET VALUES(17, 'Windows-1256');
INSERT INTO LOCALE_CODESET VALUES(17, 'MacArabic');
INSERT INTO LOCALE_CODESET VALUES(17, 'UTF-16BE');
INSERT INTO LOCALE_CODESET VALUES(17, 'UTF-16LE');
INSERT INTO LOCALE_CODESET VALUES(17, 'UTF-8');
INSERT INTO LOCALE_CODESET VALUES(18, 'ISO-8859-5');
INSERT INTO LOCALE_CODESET VALUES(18, 'MacCyrillic');
INSERT INTO LOCALE_CODESET VALUES(18, 'UTF-16BE');
INSERT INTO LOCALE_CODESET VALUES(18, 'UTF-16LE');
INSERT INTO LOCALE_CODESET VALUES(18, 'UTF-8');
INSERT INTO LOCALE_CODESET VALUES(18, 'Windows-1251');
INSERT INTO LOCALE_CODESET VALUES(19, 'ISO-8859-5');
INSERT INTO LOCALE_CODESET VALUES(19, 'MacCyrillic');
INSERT INTO LOCALE_CODESET VALUES(19, 'UTF-16BE');
INSERT INTO LOCALE_CODESET VALUES(19, 'UTF-16LE');
INSERT INTO LOCALE_CODESET VALUES(19, 'UTF-8');
INSERT INTO LOCALE_CODESET VALUES(19, 'Windows-1251');
INSERT INTO LOCALE_CODESET VALUES(20, 'ISO-8859-1');
INSERT INTO LOCALE_CODESET VALUES(20, 'ISO-8859-15');
INSERT INTO LOCALE_CODESET VALUES(20, 'MacRoman');
INSERT INTO LOCALE_CODESET VALUES(20, 'UTF-16BE');
INSERT INTO LOCALE_CODESET VALUES(20, 'UTF-16LE');
INSERT INTO LOCALE_CODESET VALUES(20, 'UTF-8');
INSERT INTO LOCALE_CODESET VALUES(20, 'Windows-1252');
INSERT INTO LOCALE_CODESET VALUES(21, 'ISO-8859-2');
INSERT INTO LOCALE_CODESET VALUES(21, 'MacCentralEurope');
INSERT INTO LOCALE_CODESET VALUES(21, 'UTF-16BE');
INSERT INTO LOCALE_CODESET VALUES(21, 'UTF-16LE');
INSERT INTO LOCALE_CODESET VALUES(21, 'UTF-8');
INSERT INTO LOCALE_CODESET VALUES(21, 'Windows-1250');
INSERT INTO LOCALE_CODESET VALUES(22, 'ISO-8859-1');
INSERT INTO LOCALE_CODESET VALUES(22, 'ISO-8859-15');
INSERT INTO LOCALE_CODESET VALUES(22, 'MacRoman');
INSERT INTO LOCALE_CODESET VALUES(22, 'UTF-16BE');
INSERT INTO LOCALE_CODESET VALUES(22, 'UTF-16LE');
INSERT INTO LOCALE_CODESET VALUES(22, 'UTF-8');
INSERT INTO LOCALE_CODESET VALUES(22, 'Windows-1252');
INSERT INTO LOCALE_CODESET VALUES(23, 'ISO-8859-1');
INSERT INTO LOCALE_CODESET VALUES(23, 'ISO-8859-15');
INSERT INTO LOCALE_CODESET VALUES(23, 'MacRoman');
INSERT INTO LOCALE_CODESET VALUES(23, 'UTF-16BE');
INSERT INTO LOCALE_CODESET VALUES(23, 'UTF-16LE');
INSERT INTO LOCALE_CODESET VALUES(23, 'UTF-8');
INSERT INTO LOCALE_CODESET VALUES(23, 'Windows-1252');
INSERT INTO LOCALE_CODESET VALUES(24, 'ISO-8859-1');
INSERT INTO LOCALE_CODESET VALUES(24, 'ISO-8859-15');
INSERT INTO LOCALE_CODESET VALUES(24, 'MacRoman');
INSERT INTO LOCALE_CODESET VALUES(24, 'UTF-16BE');
INSERT INTO LOCALE_CODESET VALUES(24, 'UTF-16LE');
INSERT INTO LOCALE_CODESET VALUES(24, 'UTF-8');
INSERT INTO LOCALE_CODESET VALUES(24, 'Windows-1252');
INSERT INTO LOCALE_CODESET VALUES(25, 'ISO-8859-1');
INSERT INTO LOCALE_CODESET VALUES(25, 'ISO-8859-15');
INSERT INTO LOCALE_CODESET VALUES(25, 'MacRoman');
INSERT INTO LOCALE_CODESET VALUES(25, 'UTF-16BE');
INSERT INTO LOCALE_CODESET VALUES(25, 'UTF-16LE');
INSERT INTO LOCALE_CODESET VALUES(25, 'UTF-8');
INSERT INTO LOCALE_CODESET VALUES(25, 'Windows-1252');
INSERT INTO LOCALE_CODESET VALUES(26, 'ISO-8859-7');
INSERT INTO LOCALE_CODESET VALUES(26, 'MacGreek');
INSERT INTO LOCALE_CODESET VALUES(26, 'UTF-16BE');
INSERT INTO LOCALE_CODESET VALUES(26, 'UTF-16LE');
INSERT INTO LOCALE_CODESET VALUES(26, 'UTF-8');
INSERT INTO LOCALE_CODESET VALUES(26, 'Windows-1253');
INSERT INTO LOCALE_CODESET VALUES(27, 'ISO-8859-1');
INSERT INTO LOCALE_CODESET VALUES(27, 'ISO-8859-15');
INSERT INTO LOCALE_CODESET VALUES(27, 'MacRoman');
INSERT INTO LOCALE_CODESET VALUES(27, 'UTF-16BE');
INSERT INTO LOCALE_CODESET VALUES(27, 'UTF-16LE');
INSERT INTO LOCALE_CODESET VALUES(27, 'UTF-8');
INSERT INTO LOCALE_CODESET VALUES(27, 'Windows-1252');
INSERT INTO LOCALE_CODESET VALUES(28, 'ISO-8859-1');
INSERT INTO LOCALE_CODESET VALUES(28, 'ISO-8859-15');
INSERT INTO LOCALE_CODESET VALUES(28, 'MacRoman');
INSERT INTO LOCALE_CODESET VALUES(28, 'UTF-16BE');
INSERT INTO LOCALE_CODESET VALUES(28, 'UTF-16LE');
INSERT INTO LOCALE_CODESET VALUES(28, 'UTF-8');
INSERT INTO LOCALE_CODESET VALUES(28, 'Windows-1252');
INSERT INTO LOCALE_CODESET VALUES(29, 'ISO-8859-1');
INSERT INTO LOCALE_CODESET VALUES(29, 'ISO-8859-15');
INSERT INTO LOCALE_CODESET VALUES(29, 'MacRoman');
INSERT INTO LOCALE_CODESET VALUES(29, 'UTF-16BE');
INSERT INTO LOCALE_CODESET VALUES(29, 'UTF-16LE');
INSERT INTO LOCALE_CODESET VALUES(29, 'UTF-8');
INSERT INTO LOCALE_CODESET VALUES(29, 'Windows-1252');
INSERT INTO LOCALE_CODESET VALUES(30, 'ISO-8859-1');
INSERT INTO LOCALE_CODESET VALUES(30, 'ISO-8859-15');
INSERT INTO LOCALE_CODESET VALUES(30, 'MacRoman');
INSERT INTO LOCALE_CODESET VALUES(30, 'UTF-16BE');
INSERT INTO LOCALE_CODESET VALUES(30, 'UTF-16LE');
INSERT INTO LOCALE_CODESET VALUES(30, 'UTF-8');
INSERT INTO LOCALE_CODESET VALUES(30, 'Windows-1252');
INSERT INTO LOCALE_CODESET VALUES(31, 'ISO-8859-1');
INSERT INTO LOCALE_CODESET VALUES(31, 'ISO-8859-15');
INSERT INTO LOCALE_CODESET VALUES(31, 'MacRoman');
INSERT INTO LOCALE_CODESET VALUES(31, 'UTF-16BE');
INSERT INTO LOCALE_CODESET VALUES(31, 'UTF-16LE');
INSERT INTO LOCALE_CODESET VALUES(31, 'UTF-8');
INSERT INTO LOCALE_CODESET VALUES(31, 'Windows-1252');
INSERT INTO LOCALE_CODESET VALUES(32, 'ISO-8859-1');
INSERT INTO LOCALE_CODESET VALUES(32, 'ISO-8859-15');
INSERT INTO LOCALE_CODESET VALUES(32, 'MacRoman');
INSERT INTO LOCALE_CODESET VALUES(32, 'UTF-16BE');
INSERT INTO LOCALE_CODESET VALUES(32, 'UTF-16LE');
INSERT INTO LOCALE_CODESET VALUES(32, 'UTF-8');
INSERT INTO LOCALE_CODESET VALUES(32, 'Windows-1252');
INSERT INTO LOCALE_CODESET VALUES(33, 'ISO-8859-1');
INSERT INTO LOCALE_CODESET VALUES(33, 'ISO-8859-15');
INSERT INTO LOCALE_CODESET VALUES(33, 'MacRoman');
INSERT INTO LOCALE_CODESET VALUES(33, 'UTF-16BE');
INSERT INTO LOCALE_CODESET VALUES(33, 'UTF-16LE');
INSERT INTO LOCALE_CODESET VALUES(33, 'UTF-8');
INSERT INTO LOCALE_CODESET VALUES(33, 'Windows-1252');
INSERT INTO LOCALE_CODESET VALUES(34, 'ISO-8859-1');
INSERT INTO LOCALE_CODESET VALUES(34, 'ISO-8859-15');
INSERT INTO LOCALE_CODESET VALUES(34, 'MacRoman');
INSERT INTO LOCALE_CODESET VALUES(34, 'UTF-16BE');
INSERT INTO LOCALE_CODESET VALUES(34, 'UTF-16LE');
INSERT INTO LOCALE_CODESET VALUES(34, 'UTF-8');
INSERT INTO LOCALE_CODESET VALUES(34, 'Windows-1252');
INSERT INTO LOCALE_CODESET VALUES(35, 'ISO-8859-1');
INSERT INTO LOCALE_CODESET VALUES(35, 'ISO-8859-15');
INSERT INTO LOCALE_CODESET VALUES(35, 'MacRoman');
INSERT INTO LOCALE_CODESET VALUES(35, 'UTF-16BE');
INSERT INTO LOCALE_CODESET VALUES(35, 'UTF-16LE');
INSERT INTO LOCALE_CODESET VALUES(35, 'UTF-8');
INSERT INTO LOCALE_CODESET VALUES(35, 'Windows-1252');
INSERT INTO LOCALE_CODESET VALUES(36, 'ISO-8859-1');
INSERT INTO LOCALE_CODESET VALUES(36, 'ISO-8859-15');
INSERT INTO LOCALE_CODESET VALUES(36, 'MacRoman');
INSERT INTO LOCALE_CODESET VALUES(36, 'UTF-16BE');
INSERT INTO LOCALE_CODESET VALUES(36, 'UTF-16LE');
INSERT INTO LOCALE_CODESET VALUES(36, 'UTF-8');
INSERT INTO LOCALE_CODESET VALUES(36, 'Windows-1252');
INSERT INTO LOCALE_CODESET VALUES(37, 'ISO-8859-1');
INSERT INTO LOCALE_CODESET VALUES(37, 'ISO-8859-15');
INSERT INTO LOCALE_CODESET VALUES(37, 'MacRoman');
INSERT INTO LOCALE_CODESET VALUES(37, 'UTF-16BE');
INSERT INTO LOCALE_CODESET VALUES(37, 'UTF-16LE');
INSERT INTO LOCALE_CODESET VALUES(37, 'UTF-8');
INSERT INTO LOCALE_CODESET VALUES(37, 'Windows-1252');
INSERT INTO LOCALE_CODESET VALUES(38, 'ISO-8859-1');
INSERT INTO LOCALE_CODESET VALUES(38, 'ISO-8859-15');
INSERT INTO LOCALE_CODESET VALUES(38, 'MacRoman');
INSERT INTO LOCALE_CODESET VALUES(38, 'UTF-16BE');
INSERT INTO LOCALE_CODESET VALUES(38, 'UTF-16LE');
INSERT INTO LOCALE_CODESET VALUES(38, 'UTF-8');
INSERT INTO LOCALE_CODESET VALUES(38, 'Windows-1252');
INSERT INTO LOCALE_CODESET VALUES(39, 'ISO-8859-1');
INSERT INTO LOCALE_CODESET VALUES(39, 'ISO-8859-15');
INSERT INTO LOCALE_CODESET VALUES(39, 'MacRoman');
INSERT INTO LOCALE_CODESET VALUES(39, 'UTF-16BE');
INSERT INTO LOCALE_CODESET VALUES(39, 'UTF-16LE');
INSERT INTO LOCALE_CODESET VALUES(39, 'UTF-8');
INSERT INTO LOCALE_CODESET VALUES(39, 'Windows-1252');
INSERT INTO LOCALE_CODESET VALUES(40, 'ISO-8859-1');
INSERT INTO LOCALE_CODESET VALUES(40, 'ISO-8859-15');
INSERT INTO LOCALE_CODESET VALUES(40, 'MacRoman');
INSERT INTO LOCALE_CODESET VALUES(40, 'UTF-16BE');
INSERT INTO LOCALE_CODESET VALUES(40, 'UTF-16LE');
INSERT INTO LOCALE_CODESET VALUES(40, 'UTF-8');
INSERT INTO LOCALE_CODESET VALUES(40, 'Windows-1252');
INSERT INTO LOCALE_CODESET VALUES(41, 'ISO-8859-1');
INSERT INTO LOCALE_CODESET VALUES(41, 'ISO-8859-15');
INSERT INTO LOCALE_CODESET VALUES(41, 'MacRoman');
INSERT INTO LOCALE_CODESET VALUES(41, 'UTF-16BE');
INSERT INTO LOCALE_CODESET VALUES(41, 'UTF-16LE');
INSERT INTO LOCALE_CODESET VALUES(41, 'UTF-8');
INSERT INTO LOCALE_CODESET VALUES(41, 'Windows-1252');
INSERT INTO LOCALE_CODESET VALUES(42, 'ISO-8859-1');
INSERT INTO LOCALE_CODESET VALUES(42, 'ISO-8859-15');
INSERT INTO LOCALE_CODESET VALUES(42, 'MacRoman');
INSERT INTO LOCALE_CODESET VALUES(42, 'UTF-16BE');
INSERT INTO LOCALE_CODESET VALUES(42, 'UTF-16LE');
INSERT INTO LOCALE_CODESET VALUES(42, 'UTF-8');
INSERT INTO LOCALE_CODESET VALUES(42, 'Windows-1252');
INSERT INTO LOCALE_CODESET VALUES(43, 'ISO-8859-1');
INSERT INTO LOCALE_CODESET VALUES(43, 'ISO-8859-15');
INSERT INTO LOCALE_CODESET VALUES(43, 'MacRoman');
INSERT INTO LOCALE_CODESET VALUES(43, 'UTF-16BE');
INSERT INTO LOCALE_CODESET VALUES(43, 'UTF-16LE');
INSERT INTO LOCALE_CODESET VALUES(43, 'UTF-8');
INSERT INTO LOCALE_CODESET VALUES(43, 'Windows-1252');
INSERT INTO LOCALE_CODESET VALUES(44, 'ISO-8859-1');
INSERT INTO LOCALE_CODESET VALUES(44, 'ISO-8859-15');
INSERT INTO LOCALE_CODESET VALUES(44, 'MacRoman');
INSERT INTO LOCALE_CODESET VALUES(44, 'UTF-16BE');
INSERT INTO LOCALE_CODESET VALUES(44, 'UTF-16LE');
INSERT INTO LOCALE_CODESET VALUES(44, 'UTF-8');
INSERT INTO LOCALE_CODESET VALUES(44, 'Windows-1252');
INSERT INTO LOCALE_CODESET VALUES(45, 'ISO-8859-1');
INSERT INTO LOCALE_CODESET VALUES(45, 'ISO-8859-15');
INSERT INTO LOCALE_CODESET VALUES(45, 'MacRoman');
INSERT INTO LOCALE_CODESET VALUES(45, 'UTF-16BE');
INSERT INTO LOCALE_CODESET VALUES(45, 'UTF-16LE');
INSERT INTO LOCALE_CODESET VALUES(45, 'UTF-8');
INSERT INTO LOCALE_CODESET VALUES(45, 'Windows-1252');
INSERT INTO LOCALE_CODESET VALUES(46, 'ISO-8859-1');
INSERT INTO LOCALE_CODESET VALUES(46, 'ISO-8859-15');
INSERT INTO LOCALE_CODESET VALUES(46, 'MacRoman');
INSERT INTO LOCALE_CODESET VALUES(46, 'UTF-16BE');
INSERT INTO LOCALE_CODESET VALUES(46, 'UTF-16LE');
INSERT INTO LOCALE_CODESET VALUES(46, 'UTF-8');
INSERT INTO LOCALE_CODESET VALUES(46, 'Windows-1252');
INSERT INTO LOCALE_CODESET VALUES(47, 'ISO-8859-1');
INSERT INTO LOCALE_CODESET VALUES(47, 'ISO-8859-15');
INSERT INTO LOCALE_CODESET VALUES(47, 'MacRoman');
INSERT INTO LOCALE_CODESET VALUES(47, 'UTF-16BE');
INSERT INTO LOCALE_CODESET VALUES(47, 'UTF-16LE');
INSERT INTO LOCALE_CODESET VALUES(47, 'UTF-8');
INSERT INTO LOCALE_CODESET VALUES(47, 'Windows-1252');
INSERT INTO LOCALE_CODESET VALUES(48, 'ISO-8859-1');
INSERT INTO LOCALE_CODESET VALUES(48, 'ISO-8859-15');
INSERT INTO LOCALE_CODESET VALUES(48, 'MacRoman');
INSERT INTO LOCALE_CODESET VALUES(48, 'UTF-16BE');
INSERT INTO LOCALE_CODESET VALUES(48, 'UTF-16LE');
INSERT INTO LOCALE_CODESET VALUES(48, 'UTF-8');
INSERT INTO LOCALE_CODESET VALUES(48, 'Windows-1252');
INSERT INTO LOCALE_CODESET VALUES(49, 'ISO-8859-1');
INSERT INTO LOCALE_CODESET VALUES(49, 'ISO-8859-15');
INSERT INTO LOCALE_CODESET VALUES(49, 'MacRoman');
INSERT INTO LOCALE_CODESET VALUES(49, 'UTF-16BE');
INSERT INTO LOCALE_CODESET VALUES(49, 'UTF-16LE');
INSERT INTO LOCALE_CODESET VALUES(49, 'UTF-8');
INSERT INTO LOCALE_CODESET VALUES(49, 'Windows-1252');
INSERT INTO LOCALE_CODESET VALUES(50, 'ISO-8859-1');
INSERT INTO LOCALE_CODESET VALUES(50, 'ISO-8859-15');
INSERT INTO LOCALE_CODESET VALUES(50, 'MacRoman');
INSERT INTO LOCALE_CODESET VALUES(50, 'UTF-16BE');
INSERT INTO LOCALE_CODESET VALUES(50, 'UTF-16LE');
INSERT INTO LOCALE_CODESET VALUES(50, 'UTF-8');
INSERT INTO LOCALE_CODESET VALUES(50, 'Windows-1252');
INSERT INTO LOCALE_CODESET VALUES(51, 'ISO-8859-1');
INSERT INTO LOCALE_CODESET VALUES(51, 'ISO-8859-15');
INSERT INTO LOCALE_CODESET VALUES(51, 'MacRoman');
INSERT INTO LOCALE_CODESET VALUES(51, 'UTF-16BE');
INSERT INTO LOCALE_CODESET VALUES(51, 'UTF-16LE');
INSERT INTO LOCALE_CODESET VALUES(51, 'UTF-8');
INSERT INTO LOCALE_CODESET VALUES(51, 'Windows-1252');
INSERT INTO LOCALE_CODESET VALUES(52, 'ISO-8859-1');
INSERT INTO LOCALE_CODESET VALUES(52, 'ISO-8859-15');
INSERT INTO LOCALE_CODESET VALUES(52, 'MacRoman');
INSERT INTO LOCALE_CODESET VALUES(52, 'UTF-16BE');
INSERT INTO LOCALE_CODESET VALUES(52, 'UTF-16LE');
INSERT INTO LOCALE_CODESET VALUES(52, 'UTF-8');
INSERT INTO LOCALE_CODESET VALUES(52, 'Windows-1252');
INSERT INTO LOCALE_CODESET VALUES(53, 'ISO-8859-4');
INSERT INTO LOCALE_CODESET VALUES(53, 'UTF-16BE');
INSERT INTO LOCALE_CODESET VALUES(53, 'UTF-16LE');
INSERT INTO LOCALE_CODESET VALUES(53, 'UTF-8');
INSERT INTO LOCALE_CODESET VALUES(53, 'Windows-1257');
INSERT INTO LOCALE_CODESET VALUES(54, 'ISO-8859-1');
INSERT INTO LOCALE_CODESET VALUES(54, 'ISO-8859-15');
INSERT INTO LOCALE_CODESET VALUES(54, 'MacRoman');
INSERT INTO LOCALE_CODESET VALUES(54, 'UTF-16BE');
INSERT INTO LOCALE_CODESET VALUES(54, 'UTF-16LE');
INSERT INTO LOCALE_CODESET VALUES(54, 'UTF-8');
INSERT INTO LOCALE_CODESET VALUES(54, 'Windows-1252');
INSERT INTO LOCALE_CODESET VALUES(55, 'ISO-8859-1');
INSERT INTO LOCALE_CODESET VALUES(55, 'ISO-8859-15');
INSERT INTO LOCALE_CODESET VALUES(55, 'MacRoman');
INSERT INTO LOCALE_CODESET VALUES(55, 'UTF-16BE');
INSERT INTO LOCALE_CODESET VALUES(55, 'UTF-16LE');
INSERT INTO LOCALE_CODESET VALUES(55, 'UTF-8');
INSERT INTO LOCALE_CODESET VALUES(55, 'Windows-1252');
INSERT INTO LOCALE_CODESET VALUES(56, 'ISO-8859-1');
INSERT INTO LOCALE_CODESET VALUES(56, 'ISO-8859-15');
INSERT INTO LOCALE_CODESET VALUES(56, 'MacRoman');
INSERT INTO LOCALE_CODESET VALUES(56, 'UTF-16BE');
INSERT INTO LOCALE_CODESET VALUES(56, 'UTF-16LE');
INSERT INTO LOCALE_CODESET VALUES(56, 'UTF-8');
INSERT INTO LOCALE_CODESET VALUES(56, 'Windows-1252');
INSERT INTO LOCALE_CODESET VALUES(57, 'ISO-8859-1');
INSERT INTO LOCALE_CODESET VALUES(57, 'ISO-8859-15');
INSERT INTO LOCALE_CODESET VALUES(57, 'MacRoman');
INSERT INTO LOCALE_CODESET VALUES(57, 'UTF-16BE');
INSERT INTO LOCALE_CODESET VALUES(57, 'UTF-16LE');
INSERT INTO LOCALE_CODESET VALUES(57, 'UTF-8');
INSERT INTO LOCALE_CODESET VALUES(57, 'Windows-1252');
INSERT INTO LOCALE_CODESET VALUES(58, 'ISO-8859-8');
INSERT INTO LOCALE_CODESET VALUES(58, 'MacHebrew');
INSERT INTO LOCALE_CODESET VALUES(58, 'UTF-16BE');
INSERT INTO LOCALE_CODESET VALUES(58, 'UTF-16LE');
INSERT INTO LOCALE_CODESET VALUES(58, 'UTF-8');
INSERT INTO LOCALE_CODESET VALUES(58, 'Windows-1255');
INSERT INTO LOCALE_CODESET VALUES(59, 'ISO-8859-2');
INSERT INTO LOCALE_CODESET VALUES(59, 'MacCroatian');
INSERT INTO LOCALE_CODESET VALUES(59, 'UTF-16BE');
INSERT INTO LOCALE_CODESET VALUES(59, 'UTF-16LE');
INSERT INTO LOCALE_CODESET VALUES(59, 'UTF-8');
INSERT INTO LOCALE_CODESET VALUES(59, 'Windows-1250');
INSERT INTO LOCALE_CODESET VALUES(60, 'ISO-8859-2');
INSERT INTO LOCALE_CODESET VALUES(60, 'MacCentralEurope');
INSERT INTO LOCALE_CODESET VALUES(60, 'UTF-16BE');
INSERT INTO LOCALE_CODESET VALUES(60, 'UTF-16LE');
INSERT INTO LOCALE_CODESET VALUES(60, 'UTF-8');
INSERT INTO LOCALE_CODESET VALUES(60, 'Windows-1250');
INSERT INTO LOCALE_CODESET VALUES(61, 'UTF-16BE');
INSERT INTO LOCALE_CODESET VALUES(61, 'UTF-16LE');
INSERT INTO LOCALE_CODESET VALUES(61, 'UTF-8');
INSERT INTO LOCALE_CODESET VALUES(62, 'ISO-8859-1');
INSERT INTO LOCALE_CODESET VALUES(62, 'ISO-8859-15');
INSERT INTO LOCALE_CODESET VALUES(62, 'MacIceland');
INSERT INTO LOCALE_CODESET VALUES(62, 'UTF-16BE');
INSERT INTO LOCALE_CODESET VALUES(62, 'UTF-16LE');
INSERT INTO LOCALE_CODESET VALUES(62, 'UTF-8');
INSERT INTO LOCALE_CODESET VALUES(62, 'Windows-1252');
INSERT INTO LOCALE_CODESET VALUES(63, 'ISO-8859-1');
INSERT INTO LOCALE_CODESET VALUES(63, 'ISO-8859-15');
INSERT INTO LOCALE_CODESET VALUES(63, 'MacRoman');
INSERT INTO LOCALE_CODESET VALUES(63, 'UTF-16BE');
INSERT INTO LOCALE_CODESET VALUES(63, 'UTF-16LE');
INSERT INTO LOCALE_CODESET VALUES(63, 'UTF-8');
INSERT INTO LOCALE_CODESET VALUES(63, 'Windows-1252');
INSERT INTO LOCALE_CODESET VALUES(64, 'ISO-8859-1');
INSERT INTO LOCALE_CODESET VALUES(64, 'ISO-8859-15');
INSERT INTO LOCALE_CODESET VALUES(64, 'MacRoman');
INSERT INTO LOCALE_CODESET VALUES(64, 'UTF-16BE');
INSERT INTO LOCALE_CODESET VALUES(64, 'UTF-16LE');
INSERT INTO LOCALE_CODESET VALUES(64, 'UTF-8');
INSERT INTO LOCALE_CODESET VALUES(64, 'Windows-1252');
INSERT INTO LOCALE_CODESET VALUES(65, 'EUC-JP');
INSERT INTO LOCALE_CODESET VALUES(65, 'ISO-2022-JP');
INSERT INTO LOCALE_CODESET VALUES(65, 'Shift_JIS');
INSERT INTO LOCALE_CODESET VALUES(65, 'UTF-16BE');
INSERT INTO LOCALE_CODESET VALUES(65, 'UTF-16LE');
INSERT INTO LOCALE_CODESET VALUES(65, 'UTF-8');
INSERT INTO LOCALE_CODESET VALUES(65, 'Windows-932');
INSERT INTO LOCALE_CODESET VALUES(66, 'EUC-KR');
INSERT INTO LOCALE_CODESET VALUES(66, 'ISO-2022-KR');
INSERT INTO LOCALE_CODESET VALUES(66, 'Johab');
INSERT INTO LOCALE_CODESET VALUES(66, 'UTF-16BE');
INSERT INTO LOCALE_CODESET VALUES(66, 'UTF-16LE');
INSERT INTO LOCALE_CODESET VALUES(66, 'UTF-8');
INSERT INTO LOCALE_CODESET VALUES(66, 'Windows-949');
INSERT INTO LOCALE_CODESET VALUES(67, 'ISO-8859-4');
INSERT INTO LOCALE_CODESET VALUES(67, 'UTF-16BE');
INSERT INTO LOCALE_CODESET VALUES(67, 'UTF-16LE');
INSERT INTO LOCALE_CODESET VALUES(67, 'UTF-8');
INSERT INTO LOCALE_CODESET VALUES(67, 'Windows-1257');
INSERT INTO LOCALE_CODESET VALUES(68, 'ISO-8859-4');
INSERT INTO LOCALE_CODESET VALUES(68, 'UTF-16BE');
INSERT INTO LOCALE_CODESET VALUES(68, 'UTF-16LE');
INSERT INTO LOCALE_CODESET VALUES(68, 'UTF-8');
INSERT INTO LOCALE_CODESET VALUES(68, 'Windows-1257');
INSERT INTO LOCALE_CODESET VALUES(69, 'ISO-8859-5');
INSERT INTO LOCALE_CODESET VALUES(69, 'UTF-16BE');
INSERT INTO LOCALE_CODESET VALUES(69, 'UTF-16LE');
INSERT INTO LOCALE_CODESET VALUES(69, 'UTF-8');
INSERT INTO LOCALE_CODESET VALUES(70, 'ISO-8859-1');
INSERT INTO LOCALE_CODESET VALUES(70, 'ISO-8859-15');
INSERT INTO LOCALE_CODESET VALUES(70, 'MacRoman');
INSERT INTO LOCALE_CODESET VALUES(70, 'UTF-16BE');
INSERT INTO LOCALE_CODESET VALUES(70, 'UTF-16LE');
INSERT INTO LOCALE_CODESET VALUES(70, 'UTF-8');
INSERT INTO LOCALE_CODESET VALUES(70, 'Windows-1252');
INSERT INTO LOCALE_CODESET VALUES(71, 'ISO-8859-1');
INSERT INTO LOCALE_CODESET VALUES(71, 'ISO-8859-15');
INSERT INTO LOCALE_CODESET VALUES(71, 'MacRoman');
INSERT INTO LOCALE_CODESET VALUES(71, 'UTF-16BE');
INSERT INTO LOCALE_CODESET VALUES(71, 'UTF-16LE');
INSERT INTO LOCALE_CODESET VALUES(71, 'UTF-8');
INSERT INTO LOCALE_CODESET VALUES(71, 'Windows-1252');
INSERT INTO LOCALE_CODESET VALUES(72, 'ISO-8859-1');
INSERT INTO LOCALE_CODESET VALUES(72, 'ISO-8859-15');
INSERT INTO LOCALE_CODESET VALUES(72, 'MacRoman');
INSERT INTO LOCALE_CODESET VALUES(72, 'UTF-16BE');
INSERT INTO LOCALE_CODESET VALUES(72, 'UTF-16LE');
INSERT INTO LOCALE_CODESET VALUES(72, 'UTF-8');
INSERT INTO LOCALE_CODESET VALUES(72, 'Windows-1252');
INSERT INTO LOCALE_CODESET VALUES(73, 'ISO-8859-2');
INSERT INTO LOCALE_CODESET VALUES(73, 'MacCentralEurope');
INSERT INTO LOCALE_CODESET VALUES(73, 'UTF-16BE');
INSERT INTO LOCALE_CODESET VALUES(73, 'UTF-16LE');
INSERT INTO LOCALE_CODESET VALUES(73, 'UTF-8');
INSERT INTO LOCALE_CODESET VALUES(73, 'Windows-1250');
INSERT INTO LOCALE_CODESET VALUES(74, 'ISO-8859-1');
INSERT INTO LOCALE_CODESET VALUES(74, 'ISO-8859-15');
INSERT INTO LOCALE_CODESET VALUES(74, 'MacRoman');
INSERT INTO LOCALE_CODESET VALUES(74, 'UTF-16BE');
INSERT INTO LOCALE_CODESET VALUES(74, 'UTF-16LE');
INSERT INTO LOCALE_CODESET VALUES(74, 'UTF-8');
INSERT INTO LOCALE_CODESET VALUES(74, 'Windows-1252');
INSERT INTO LOCALE_CODESET VALUES(75, 'ISO-8859-1');
INSERT INTO LOCALE_CODESET VALUES(75, 'ISO-8859-15');
INSERT INTO LOCALE_CODESET VALUES(75, 'MacRoman');
INSERT INTO LOCALE_CODESET VALUES(75, 'UTF-16BE');
INSERT INTO LOCALE_CODESET VALUES(75, 'UTF-16LE');
INSERT INTO LOCALE_CODESET VALUES(75, 'UTF-8');
INSERT INTO LOCALE_CODESET VALUES(75, 'Windows-1252');
INSERT INTO LOCALE_CODESET VALUES(76, 'ISO-8859-2');
INSERT INTO LOCALE_CODESET VALUES(76, 'MacRoman');
INSERT INTO LOCALE_CODESET VALUES(76, 'UTF-16BE');
INSERT INTO LOCALE_CODESET VALUES(76, 'UTF-16LE');
INSERT INTO LOCALE_CODESET VALUES(76, 'UTF-8');
INSERT INTO LOCALE_CODESET VALUES(76, 'Windows-1250');
INSERT INTO LOCALE_CODESET VALUES(77, 'ISO-8859-5');
INSERT INTO LOCALE_CODESET VALUES(77, 'KOI8-R');
INSERT INTO LOCALE_CODESET VALUES(77, 'MacCyrillic');
INSERT INTO LOCALE_CODESET VALUES(77, 'UTF-16BE');
INSERT INTO LOCALE_CODESET VALUES(77, 'UTF-16LE');
INSERT INTO LOCALE_CODESET VALUES(77, 'UTF-8');
INSERT INTO LOCALE_CODESET VALUES(77, 'Windows-1251');
INSERT INTO LOCALE_CODESET VALUES(78, 'ISO-8859-2');
INSERT INTO LOCALE_CODESET VALUES(78, 'MacCroatian');
INSERT INTO LOCALE_CODESET VALUES(78, 'UTF-16BE');
INSERT INTO LOCALE_CODESET VALUES(78, 'UTF-16LE');
INSERT INTO LOCALE_CODESET VALUES(78, 'UTF-8');
INSERT INTO LOCALE_CODESET VALUES(78, 'Windows-1250');
INSERT INTO LOCALE_CODESET VALUES(79, 'ISO-8859-2');
INSERT INTO LOCALE_CODESET VALUES(79, 'MacCentralEurope');
INSERT INTO LOCALE_CODESET VALUES(79, 'UTF-16BE');
INSERT INTO LOCALE_CODESET VALUES(79, 'UTF-16LE');
INSERT INTO LOCALE_CODESET VALUES(79, 'UTF-8');
INSERT INTO LOCALE_CODESET VALUES(79, 'Windows-1250');
INSERT INTO LOCALE_CODESET VALUES(80, 'ISO-8859-2');
INSERT INTO LOCALE_CODESET VALUES(80, 'MacCentralEurope');
INSERT INTO LOCALE_CODESET VALUES(80, 'UTF-16BE');
INSERT INTO LOCALE_CODESET VALUES(80, 'UTF-16LE');
INSERT INTO LOCALE_CODESET VALUES(80, 'UTF-8');
INSERT INTO LOCALE_CODESET VALUES(80, 'Windows-1250');
INSERT INTO LOCALE_CODESET VALUES(81, 'ISO-8859-1');
INSERT INTO LOCALE_CODESET VALUES(81, 'ISO-8859-15');
INSERT INTO LOCALE_CODESET VALUES(81, 'UTF-16BE');
INSERT INTO LOCALE_CODESET VALUES(81, 'UTF-16LE');
INSERT INTO LOCALE_CODESET VALUES(81, 'UTF-8');
INSERT INTO LOCALE_CODESET VALUES(81, 'Windows-1252');
INSERT INTO LOCALE_CODESET VALUES(82, 'ISO-8859-5');
INSERT INTO LOCALE_CODESET VALUES(82, 'MacCyrillic');
INSERT INTO LOCALE_CODESET VALUES(82, 'UTF-16BE');
INSERT INTO LOCALE_CODESET VALUES(82, 'UTF-16LE');
INSERT INTO LOCALE_CODESET VALUES(82, 'UTF-8');
INSERT INTO LOCALE_CODESET VALUES(82, 'Windows-1251');
INSERT INTO LOCALE_CODESET VALUES(83, 'ISO-8859-1');
INSERT INTO LOCALE_CODESET VALUES(83, 'ISO-8859-15');
INSERT INTO LOCALE_CODESET VALUES(83, 'MacRoman');
INSERT INTO LOCALE_CODESET VALUES(83, 'UTF-16BE');
INSERT INTO LOCALE_CODESET VALUES(83, 'UTF-16LE');
INSERT INTO LOCALE_CODESET VALUES(83, 'UTF-8');
INSERT INTO LOCALE_CODESET VALUES(83, 'Windows-1252');
INSERT INTO LOCALE_CODESET VALUES(84, 'MacThai');
INSERT INTO LOCALE_CODESET VALUES(84, 'TIS-620');
INSERT INTO LOCALE_CODESET VALUES(84, 'UTF-16BE');
INSERT INTO LOCALE_CODESET VALUES(84, 'UTF-16LE');
INSERT INTO LOCALE_CODESET VALUES(84, 'UTF-8');
INSERT INTO LOCALE_CODESET VALUES(84, 'Windows-874');
INSERT INTO LOCALE_CODESET VALUES(85, 'ISO-8859-9');
INSERT INTO LOCALE_CODESET VALUES(85, 'MacTurkish');
INSERT INTO LOCALE_CODESET VALUES(85, 'UTF-16BE');
INSERT INTO LOCALE_CODESET VALUES(85, 'UTF-16LE');
INSERT INTO LOCALE_CODESET VALUES(85, 'UTF-8');
INSERT INTO LOCALE_CODESET VALUES(85, 'Windows-1254');
INSERT INTO LOCALE_CODESET VALUES(86, 'ISO-8859-5');
INSERT INTO LOCALE_CODESET VALUES(86, 'MacUkraine');
INSERT INTO LOCALE_CODESET VALUES(86, 'UTF-16BE');
INSERT INTO LOCALE_CODESET VALUES(86, 'UTF-16LE');
INSERT INTO LOCALE_CODESET VALUES(86, 'UTF-8');
INSERT INTO LOCALE_CODESET VALUES(86, 'Windows-1251');
INSERT INTO LOCALE_CODESET VALUES(87, 'EUC-CN');
INSERT INTO LOCALE_CODESET VALUES(87, 'GB2312');
INSERT INTO LOCALE_CODESET VALUES(87, 'ISO-2022-CN');
INSERT INTO LOCALE_CODESET VALUES(87, 'UTF-16BE');
INSERT INTO LOCALE_CODESET VALUES(87, 'UTF-16LE');
INSERT INTO LOCALE_CODESET VALUES(87, 'UTF-8');
INSERT INTO LOCALE_CODESET VALUES(87, 'Windows-936');
INSERT INTO LOCALE_CODESET VALUES(88, 'Big5');
INSERT INTO LOCALE_CODESET VALUES(88, 'EUC-TW');
INSERT INTO LOCALE_CODESET VALUES(88, 'ISO-2022-CN');
INSERT INTO LOCALE_CODESET VALUES(88, 'UTF-16BE');
INSERT INTO LOCALE_CODESET VALUES(88, 'UTF-16LE');
INSERT INTO LOCALE_CODESET VALUES(88, 'UTF-8');
INSERT INTO LOCALE_CODESET VALUES(88, 'Windows-950');
INSERT INTO LOCALE_CODESET VALUES(89, 'UTF-16BE');
INSERT INTO LOCALE_CODESET VALUES(89, 'UTF-16LE');
INSERT INTO LOCALE_CODESET VALUES(89, 'UTF-8');
INSERT INTO LOCALE_CODESET VALUES(89, 'Windows-1258');
INSERT INTO LOCALE_CODESET VALUES(90, 'UTF-16BE');
INSERT INTO LOCALE_CODESET VALUES(90, 'UTF-16LE');
INSERT INTO LOCALE_CODESET VALUES(90, 'UTF-8');
INSERT INTO LOCALE_CODESET VALUES(91, 'UTF-16BE');
INSERT INTO LOCALE_CODESET VALUES(91, 'UTF-16LE');
INSERT INTO LOCALE_CODESET VALUES(91, 'UTF-8');
INSERT INTO LOCALE_CODESET VALUES(92, 'UTF-16BE');
INSERT INTO LOCALE_CODESET VALUES(92, 'UTF-16LE');
INSERT INTO LOCALE_CODESET VALUES(92, 'UTF-8');
INSERT INTO LOCALE_CODESET VALUES(93, 'UTF-16BE');
INSERT INTO LOCALE_CODESET VALUES(93, 'UTF-16LE');
INSERT INTO LOCALE_CODESET VALUES(93, 'UTF-8');
INSERT INTO LOCALE_CODESET VALUES(96, 'UTF-16BE');
INSERT INTO LOCALE_CODESET VALUES(96, 'UTF-16LE');
INSERT INTO LOCALE_CODESET VALUES(96, 'UTF-8');
INSERT INTO LOCALE_CODESET VALUES(97, 'UTF-16BE');
INSERT INTO LOCALE_CODESET VALUES(97, 'UTF-16LE');
INSERT INTO LOCALE_CODESET VALUES(97, 'UTF-8');

COMMIT;
